{"mean_": [52.65386255115962, 21.39655098908595, 19.77225443383356, 58.199394611186904, 13.911536493860845, 43.32962504263302, 6.508228171896317, 0.494756139154161, 1.9120907230559345], "scale_": [18.47627242770722, 15.115089306771013, 11.927159596897367, 36.6432382752657, 10.441705909386766, 14.962486081795419, 3.4854037630267376, 0.4999725011672437, 1.3983694197390324], "feature_cols": ["pm10", "so2", "co", "o3", "no2", "polutan_score", "bulan", "musim_kemarau", "stasiun_encoded"]}